file,iso_clauses
README.md,
changelog.md,
ci-cd.md,
documentation-guide.md,
glossary.md,
style-guide.md,
onboarding-manual/codebase-walkthrough.md,
onboarding-manual/domain-knowledge.md,
onboarding-manual/environment-setup.md,
onboarding-manual/first-contribution.md,
onboarding-manual/index.md,
onboarding-manual/onboarding-timeline.md,
onboarding-manual/project-context.md,
onboarding-manual/team-collaboration.md,
onboarding-manual/checklists/pr-checklist.md,
onboarding-manual/checklists/pre-commit-checklist.md,
onboarding-manual/checklists/setup-checklist.md,
onboarding-manual/resources/glossary.md,
onboarding-manual/resources/troubleshooting.md,
onboarding-manual/resources/useful-links.md,
user-manual/faq.md,
user-manual/index.md,
user-manual/installation.md,
user-manual/quick-start-tutorial.md,
user-manual/features/memory-search.md,
user-manual/features/memory-storage.md,
technical-manual/api-reference.md,
technical-manual/architecture.md,
technical-manual/backup-and-recovery.md,
technical-manual/ci-cd.md,
technical-manual/deployment.md,
technical-manual/index.md,
technical-manual/monitoring.md,
technical-manual/traceability-matrix.md,
technical-manual/upgrade-features.md,
technical-manual/security/rbac-matrix.md,
technical-manual/security/secrets-policy.md,
technical-manual/runbooks/api-service.md,
technical-manual/runbooks/vector-store.md,
development-manual/api-reference.md,
development-manual/coding-standards.md,
development-manual/contribution-process.md,
development-manual/index.md,
development-manual/local-setup.md,
development-manual/testing-guidelines.md,
